"year","gap"
1979,0
1984,-0.0427125145575595
1989,-0.136479839814492
1994,-0.000186785084912655
1999,6.81849686716195
2004,19.0114146085935
2009,12.2316285616936
2014,20.5638958886887
