"year","gap"
1979,0
1984,-0.0427125145574716
1989,-0.136479839814212
1994,-0.000186785309713611
1999,6.8184968670553
2004,19.011414608047
2009,12.2316285580492
2014,20.5638958858279
