"year","Y1","Y0_synth"
1979,0,0
1984,0,0.0427125145575595
1989,0,0.136479839814492
1994,0.982500016689301,0.982686801774213
1999,7.47999995946884,0.661503092306888
2004,21.1000008583069,2.08858624971336
2009,22.6999998092651,10.4683712475716
2014,28.629999756813,8.06610386812437
