"year","United Kingdom","Belgium","Denmark","Germany","Greece","France","Ireland","Italy","Netherlands"
1979,0,-2.32727214838076,0,0,0,-2.80688472653695,0,5.44999980926514,0
1984,-0.0427125145574716,-1.63567599210999,0,-2.48161948962997,0,7.22022461328153,0,0.536865242496718,-0.125256285150409
1989,-0.136479839814212,-0.400807949429702,0,3.11417929189676,0,4.56649964341776,0,-0.426312798985578,-0.400232997522283
1994,-0.000186785309713611,1.45764105522679,0,-0.891008450502287,0,-1.32871146631451,0,8.4106744268394,-4.92127223417071e-08
1999,6.8184968670553,3.39962275119257,5.80000019073486,-4.95624477025746,-0.920706657836205,-3.74447617620111,-5.80000019073486,7.97701455674133,-3.24547078337414
2004,19.011414608047,7.91452688930815,2.68000030517597,-7.52581034273895,3.04055070573004,-0.927784196684375,-6.80000019073486,4.84714309308148,-3.65708633747063
2009,12.2316285580492,0.090444298405286,8.12999963760409,-10.7721556840918,4.72441440170566,0.253837821523316,-15.2799997329712,1.35897303585185,6.40677248309604
2014,20.5638958858279,-6.6402843010693,11.0599999427803,-13.7482071344034,11.3174492931252,15.7699859277792,-26.6000003814697,-4.36257250414581,-4.62564798385378
