"year","gap"
1979,0
1984,-0.0228556520309234
1989,-0.073030954987035
1994,-0.000161078112713375
1999,6.90849290566692
2004,18.8729665371988
2009,9.71522942844021
2014,18.5186902146037
