"year","gap"
1979,0
1984,-0.0385025585735746
1989,-0.123027714031871
1994,0.0583701943127644
1999,6.86545907391464
2004,17.4878499981129
2009,9.80453493052109
2014,14.700771778403
