"year","gap"
1979,0
1984,-0.0385025582483484
1989,-0.123027712992672
1994,0.0583701967176278
1999,6.86545907653361
2004,17.4878500018992
2009,9.80453492853875
2014,14.7007717762165
