"year","Y1","Y0_synth"
1979,0,0
1984,0,0.0385025585735746
1989,0,0.123027714031871
1994,0.982500016689301,0.924129822376536
1999,7.47999995946884,0.614540885554206
2004,21.1000008583069,3.61215086019398
2009,22.6999998092651,12.8954648787441
2014,28.629999756813,13.9292279784101
